id,Fullname,Job,Gender,City,Salary,Birthday
1,Sibyl Karpets,Software Engineer III,Male,Jepara,6678,2023/06/13
2,Walton Slarke,Programmer III,Male,Gaoping,463,2022/12/07
3,Sibyl Bakeup,Financial Advisor,Female,Pangguang,6897,2023/02/19
4,Mayne Klaaassen,Electrical Engineer,Polygender,Borlänge,5631,2023/06/16
5,Genevieve Noli,Senior Quality Engineer,Female,Siruma,5372,2023/09/07
6,Teresina Poulston,Software Engineer III,Female,Rio das Pedras,5687,2022/12/05
7,Jacenta Jindrich,Financial Advisor,Female,Patiya,4781,2022/12/10
8,Elsinore Ionnidis,Editor,Female,Rio Claro,5364,2023/01/25
9,Malchy Colliver,Health Coach III,Male,Tamnag,7871,2023/06/21
10,Lynne Ramplee,Senior Developer,Female,Kostanay,4964,2023/08/28
11,Beltran Jiggens,Internal Auditor,Male,Katipunan,6890,2023/09/25
12,Brannon Chasle,Pharmacist,Male,Mauponggo,7058,2023/01/12
13,Junina Greedyer,Analog Circuit Design manager,Female,Kitakata,64,2023/03/29
14,Cassi Lampet,VP Marketing,Female,Qingjiang,5176,2023/08/16
15,Astrid Sines,Legal Assistant,Female,Maracha,6620,2022/11/28
16,Joyan Sloy,Marketing Manager,Female,Little Baguio,4406,2023/09/18
17,Barbe Matteo,Dental Hygienist,Female,Leganes,2849,2023/06/27
18,Ray O'Corrin,Project Manager,Male,Camp Diable,3152,2023/01/30
19,Pincus Peterffy,Community Outreach Specialist,Male,Rondonópolis,5449,2023/07/18
20,Maria Scoble,Recruiting Manager,Female,Campo Mourão,6076,2023/03/30
21,Kasey Wildash,Financial Advisor,Female,Trzebieszów,6867,2023/01/04
22,Nanine Wooddisse,Editor,Bigender,Burao,5216,2024/01/02
23,Fanechka Odd,Web Designer IV,Female,Arys,2685,2023/08/03
24,Sidnee Hurring,Desktop Support Technician,Male,Ruoqiang,1574,2023/10/01
25,Dionis Bunney,VP Sales,Female,Ballina,8444,2023/10/24
26,Flory Hollerin,Chief Design Engineer,Male,Al Mughayyir,2290,2023/11/22
27,Chauncey Kohler,Assistant Manager,Male,Jarānwāla,5150,2023/02/17
28,Yves Axell,Information Systems Manager,Male,Gracias,9829,2023/10/02
29,Ali Kimbrough,Financial Analyst,Female,Aix-en-Provence,389,2023/08/08
30,Beltran Jeffray,Recruiter,Male,Clarence-Rockland,8726,2023/08/22
31,Piotr Sperski,Senior Editor,Male,Yug,3196,2023/09/14
32,Buckie Clemmitt,Senior Editor,Male,Novomoskovsk,2226,2023/07/07
33,Sarina Cartmill,Senior Editor,Female,Jieting,6178,2023/08/17
34,Tremaine Syrad,Data Coordinator,Male,Mompach,6269,2023/09/19
35,Filippa Runnicles,Research Nurse,Female,Lewograran,9294,2023/03/16
36,Martha Lackey,Help Desk Technician,Female,Lodhrān,5990,2023/07/31
37,Kaja Wayon,Research Associate,Female,Burhānuddin,7823,2023/04/03
38,Jorge Mielnik,Junior Executive,Male,Vincennes,8717,2022/12/24
39,Shaylyn McAllister,Accountant III,Female,Sępólno Krajeńskie,8432,2023/06/29
40,Talya Whitehorn,Staff Accountant III,Female,Ikang,4229,2023/03/16
41,Nikoletta Spini,Software Engineer III,Female,Shangchewan,8730,2023/03/14
42,Quinton Dwerryhouse,Programmer Analyst II,Male,Länsi-Turunmaa,2215,2022/11/04
43,Belvia Spitaro,Chief Design Engineer,Female,Salamá,680,2022/12/07
44,Johnath Trangmar,Paralegal,Female,Madrid,9653,2023/08/24
45,Hilliard Jestico,Assistant Professor,Male,Schengen,1976,2023/08/01
46,L;urette Schutt,Community Outreach Specialist,Female,Duantan,9492,2023/04/10
47,Mason Corradetti,Biostatistician IV,Male,Al ‘Awjah,9937,2023/01/29
48,Bonnie Jarville,Administrative Officer,Female,Repelón,9540,2023/12/20
49,Stanford Seamer,Research Assistant I,Male,Tres Arroyos,169,2023/05/13
50,Terry Jeanel,Information Systems Manager,Female,Hankha,99,2023/09/04
51,Gerianna Main,Compensation Analyst,Genderfluid,Bantacan,9138,2023/11/28
52,Tom Basten,Financial Advisor,Male,Kebonkai,9220,2023/08/26
53,Terrance Jaquin,Dental Hygienist,Male,High Prairie,4972,2023/11/30
54,Happy Hemphrey,Database Administrator IV,Female,Sumurgung,3756,2023/11/02
55,Chuck Mumberson,Staff Scientist,Male,San Isidro,3507,2023/06/11
56,Aubine Pauls,Actuary,Female,Orlovo,878,2023/08/29
57,Hasty Kaaskooper,Health Coach I,Male,Pasirbatang,9027,2022/12/08
58,Kendal Espadate,Sales Associate,Male,Novi Vinodolski,6162,2022/11/26
59,Val Dancer,Project Manager,Female,Xipi,4578,2023/04/03
60,Cathie Pass,Developer II,Non-binary,Santa Cruz,8621,2023/04/16
61,Nikolia Faulks,Software Engineer III,Female,Santa Teresita,5354,2022/12/19
62,Marjie Sarle,Database Administrator I,Female,Shanglaxiu,971,2023/04/20
63,Thornton Meineck,Associate Professor,Male,Gunan,5901,2023/01/10
64,Elnar Sutherel,Financial Advisor,Male,Gaya,8133,2023/09/24
65,Sheilakathryn Accomb,VP Sales,Female,Mtsensk,9059,2023/01/24
66,Lishe Valdes,Nurse,Female,Nice,1241,2022/11/06
67,Harriet Rawcliffe,Account Representative III,Female,Kuwayris Sharqī,9666,2022/12/03
68,Harry Kerby,Geologist II,Bigender,Alpūrai,7385,2023/04/21
69,Cy Gerardin,Marketing Manager,Male,Grängesberg,637,2023/01/16
70,Lori Boame,Safety Technician IV,Female,Akonolinga,583,2022/11/09
71,Theodore Tedridge,Environmental Specialist,Male,Lupon,5164,2023/03/21
72,Ezechiel Owens,Chemical Engineer,Male,Bihoro,905,2023/11/24
73,Jessica Vel,Developer II,Female,Wassu,9995,2022/12/21
74,Barrie Chatto,Editor,Male,Holoubkov,4212,2023/06/25
75,Josy Sellars,Food Chemist,Bigender,Buyende,7595,2023/05/29
76,Aleta Anthiftle,Media Manager II,Female,Lijiaxiang,691,2023/07/17
77,Jeno Leveridge,Internal Auditor,Male,Göteborg,5005,2023/07/19
78,Pinchas Voss,Analog Circuit Design manager,Male,Ranilug,9867,2023/11/23
79,Carmelle Dodding,Analog Circuit Design manager,Female,Nkove,2292,2023/03/22
80,Tyrone Kennifick,Accounting Assistant II,Male,Luleå,3808,2023/07/16
81,Mead Simants,Financial Advisor,Male,Donja Dubica,9649,2023/04/08
82,Johnnie Croad,Assistant Manager,Male,Yanagawamachi-saiwaichō,6926,2022/12/11
83,Dee Witchard,Structural Engineer,Genderfluid,Panevėžys,3432,2023/02/07
84,Raynor Spring,Marketing Manager,Male,Buliok,796,2022/12/01
85,Waneta Miguet,Dental Hygienist,Female,Xinmin,4958,2023/03/08
86,Gayler Swanne,Budget/Accounting Analyst III,Male,Chouto,8869,2023/04/01
87,Franciska Pieracci,Biostatistician II,Female,Tanahedang,3762,2023/01/15
88,Kori Heather,Payment Adjustment Coordinator,Female,Chojna,3613,2022/12/20
89,Ansel Calbrathe,Executive Secretary,Male,Altay,8503,2023/01/23
90,Marieann Churchard,Senior Editor,Female,Szeged,7514,2022/11/25
91,Brendan Stanway,Internal Auditor,Male,Cayur,2062,2022/12/18
92,Sherwynd Abeles,Desktop Support Technician,Male,Vilar,205,2023/09/24
93,Ky Nesbit,Statistician II,Male,La Aurora,1813,2023/04/09
94,Barrie Rennicks,Editor,Female,Metz,4912,2022/12/28
95,Riva Akers,Sales Representative,Female,Ljusdal,2462,2023/02/02
96,Nolie Kornilyev,Chief Design Engineer,Female,Fagersta,1226,2023/01/29
97,Gearalt Le Pine,Compensation Analyst,Male,Wufeng,8315,2023/01/20
98,Adah Elcom,Professor,Genderqueer,Phatthalung,3414,2023/07/25
99,Matias Braunle,Research Nurse,Male,Genang,4597,2023/12/14
100,Tomkin Lempertz,Accountant III,Male,Pobé,3972,2022/11/21
101,Ringo Whyffen,Financial Analyst,Bigender,Krajan Siki,1393,2023/06/26
102,Winn Hullah,Staff Scientist,Male,Paynjuwayn,2190,2023/04/13
103,Rebe Crapper,Product Engineer,Female,Xinxu,2093,2023/07/01
104,Merilee Corrigan,Editor,Female,Próchoma,6772,2023/05/15
105,Kylila Shurrocks,Payment Adjustment Coordinator,Female,Chengzihe,3849,2022/12/18
106,Brunhilda Vinall,Quality Control Specialist,Female,Sindangsari,9072,2023/03/30
107,Leanor Ellice,VP Marketing,Bigender,Ullulluco,8230,2023/02/22
108,Muffin Glasscock,Database Administrator II,Male,Cestas,1783,2023/03/13
109,Cyril Tayspell,Environmental Specialist,Male,Västerås,7581,2022/11/16
110,Roderic Jelkes,Professor,Bigender,Sanquan,9502,2023/01/24
111,Fulton Sarjent,Graphic Designer,Male,Lelekovice,5831,2022/11/16
112,Bordie Mathonnet,Electrical Engineer,Male,Saint-Chamond,55,2023/06/25
113,Desmund Bartolomivis,Data Coordinator,Male,Fengyuan,2705,2023/10/03
114,Elisa Toman,Senior Quality Engineer,Female,Guanchi,7541,2022/11/18
115,Finn Johansen,Geological Engineer,Male,Zhamao,5484,2023/03/05
116,Graehme Martensen,Food Chemist,Male,Bakau,4569,2023/01/12
117,Renata Asey,Human Resources Manager,Female,Centenario,8288,2023/11/10
118,Upton Charke,Senior Quality Engineer,Genderfluid,Boaco,4175,2023/06/08
119,Vite Kunzel,Data Coordinator,Male,Nhơn Trạch,8753,2023/03/31
120,Lavinie Puxley,Automation Specialist I,Female,Shalizhai,9355,2023/10/16
121,Aeriell Barajas,VP Quality Control,Female,Krajan Demit,4153,2023/03/22
122,Nata Stannis,Mechanical Systems Engineer,Female,Vardablur,5002,2023/08/21
123,Joyan Dyhouse,Safety Technician II,Female,New York City,2020,2023/08/14
124,Essy Treble,Assistant Manager,Female,Niterói,22,2023/01/28
125,Libbey Ivetts,Community Outreach Specialist,Female,Xiapu,9330,2023/09/25
126,Finley Loblie,Office Assistant IV,Male,Passa Quatro,4159,2023/06/16
127,Elli Jecock,Marketing Assistant,Female,Sidon,1703,2022/11/09
128,Hamel Morphey,Account Representative II,Male,Akhaldaba,7295,2023/04/06
129,Courtnay Cotton,Director of Sales,Male,Mianhu,4038,2022/11/04
130,Smitty Smidmoor,Data Coordinator,Male,Gizałki,8952,2023/11/02
131,Guinna Belfrage,Senior Cost Accountant,Female,Omboué,3827,2023/10/02
132,Demetrius Menichillo,Chief Design Engineer,Male,Samobor,4561,2023/08/03
133,Kacey Finlason,VP Product Management,Female,Rongkou,7343,2023/08/31
134,Lura Ruddiman,Legal Assistant,Female,Beibao,1322,2023/03/25
135,Chadwick McPake,Budget/Accounting Analyst IV,Male,Saint-Maur-des-Fossés,5436,2023/07/22
136,Creighton Viegas,Desktop Support Technician,Male,Partizan,7981,2023/06/19
137,Marven McSherry,Administrative Officer,Male,Jasienica,2811,2023/04/23
138,Phil Gilpin,Budget/Accounting Analyst II,Male,Zhuanqiang,3658,2023/08/13
139,Kissee Marlen,Programmer I,Female,Azenha,8178,2023/10/30
140,Janeen Gutch,Geologist IV,Female,Azeitão,2176,2023/09/26
141,Patti Megson,Assistant Media Planner,Female,Huangshi,6023,2023/04/16
142,Norah Tomaini,VP Accounting,Female,Amga,5678,2023/08/06
143,Peyter Berka,Executive Secretary,Male,Xiadahe,7457,2023/04/13
144,Rikki Guille,VP Accounting,Male,Santa Cecília,5255,2023/02/16
145,Ronalda Beckwith,Structural Engineer,Female,Tiancheng,949,2023/07/01
146,Keir Spinney,Senior Developer,Male,Gayam,9077,2023/10/18
147,Jannelle Dobrovsky,GIS Technical Architect,Female,Mang’it Shahri,4549,2023/03/01
148,Natale Braisher,General Manager,Non-binary,Dauphin,7708,2023/07/18
149,Gretta Jewel,Registered Nurse,Female,Donim,7641,2023/01/04
150,Viola Rabier,VP Accounting,Female,Delaware,243,2023/06/19
151,Giusto Stodit,Senior Cost Accountant,Male,Staten Island,6643,2023/01/14
152,Prissie Sartain,Registered Nurse,Female,Richmond,3449,2023/09/10
153,Burt Chasmor,Research Assistant II,Male,Marādah,792,2023/03/20
154,Toinette Leuty,Marketing Assistant,Female,Hennenman,3919,2023/01/11
155,Lezlie Karran,Account Representative II,Female,Datun,1456,2023/07/12
156,Kary Castagneto,Automation Specialist III,Female,Paragominas,7098,2023/07/10
157,Randie Prisley,Project Manager,Genderqueer,Kudanding,2648,2023/07/26
158,Godfrey Grisdale,Electrical Engineer,Male,Singasari,945,2022/12/24
159,Myron Glacken,Recruiter,Agender,Andovoranto,6565,2022/11/17
160,Marlin Bowmaker,Structural Analysis Engineer,Male,Alice,6380,2023/10/11
161,Cyrus Mulhall,Nuclear Power Engineer,Male,Guixi,3052,2023/02/27
162,Leia Hamlen,General Manager,Female,Sangju,3625,2023/07/03
163,Idalina Bonaire,Registered Nurse,Female,Aniva,6149,2023/01/03
164,Faun De Maria,Community Outreach Specialist,Female,Manta,3913,2023/11/20
165,Izak Bezants,Marketing Manager,Male,Huế,7747,2023/02/18
166,Mata Wilman,VP Quality Control,Male,IJmuiden,9132,2023/06/30
167,Idell Buttle,Technical Writer,Female,Chaloem Phra Kiat,8554,2023/10/01
168,Essy Garter,VP Accounting,Female,Ar Riqqah,2859,2023/08/05
169,Cairistiona Cluer,Systems Administrator I,Female,Dong Charoen,6294,2022/11/16
170,Weylin Kield,Cost Accountant,Male,Shuishiying,3223,2023/10/31
171,Gerrard Tebbet,Computer Systems Analyst I,Male,Tsimlyansk,924,2023/07/10
172,Demetre Glader,Research Nurse,Male,Tyrawa Wołoska,616,2024/01/02
173,Tanny de Chastelain,Speech Pathologist,Male,Vidin,4064,2023/07/15
174,Hans Rodger,Design Engineer,Male,Luoping,4874,2023/07/23
175,Cori Brazear,Automation Specialist IV,Male,Boksitogorsk,9714,2023/05/08
176,Ebonee Novacek,Desktop Support Technician,Female,Libertad,6006,2023/10/08
177,Damien Menichillo,Senior Quality Engineer,Male,Voyutychi,4866,2023/11/09
178,Christophe Luckham,Help Desk Technician,Polygender,La Plaine-Saint-Denis,7221,2023/03/01
179,Trstram Randell,VP Marketing,Male,Yanggu,1799,2023/02/27
180,Vladamir Sandford,Staff Scientist,Male,Moutsamoudou,6687,2023/06/01
181,Krista Breddy,Human Resources Assistant I,Female,Beicheng,1635,2023/10/17
182,Ermanno Maytum,VP Sales,Male,Chunjiang,6859,2023/02/04
183,Hal Nys,Account Coordinator,Male,La Paz Centro,5727,2023/12/23
184,Trent Agg,Statistician I,Male,Krasnyy Oktyabr’,9082,2023/07/06
185,Ulick Krolak,Human Resources Assistant III,Male,Driyorejo,7400,2023/09/17
186,Sukey Arden,Geologist II,Female,Nong Khai,8787,2022/11/26
187,Skell Digle,Actuary,Male,Gongrong,7952,2023/04/12
188,Virginie Plumtree,Staff Scientist,Female,Pentéli,2066,2023/08/31
189,Darbie Boggish,Analog Circuit Design manager,Female,Mancos,2008,2023/07/21
190,Amitie McEwen,Chief Design Engineer,Female,Okanagan,2868,2023/04/28
191,Thatch Letterese,Research Nurse,Male,Anuradhapura,847,2023/09/09
192,Dinnie Mendenhall,Account Executive,Genderfluid,Shimen,9976,2023/10/21
193,Wileen Blondel,Professor,Female,Lexington,54,2022/12/06
194,Wainwright Jaher,Research Associate,Agender,Lukavec,1628,2023/05/08
195,Gayle Woodgate,Senior Financial Analyst,Female,Shatian,7139,2023/01/11
196,Maury Innman,Teacher,Male,Nanxing,4636,2023/10/28
197,Clayson Donaho,Recruiting Manager,Male,Ambian,6413,2023/12/17
198,Rosalinda Kilbourn,Social Worker,Female,Santos Dumont,3621,2023/10/16
199,Meridel Flaunier,Environmental Tech,Female,Ban Bang Kadi Pathum Thani,1429,2023/05/11
200,Alisander Brickett,Sales Representative,Male,Rouen,5134,2023/01/24
201,Clemmie Penswick,Librarian,Male,Liangwa,5675,2023/08/22
202,Gerta Wisson,Project Manager,Female,Nirasaki,1376,2023/09/29
203,Elisabeth Keefe,Assistant Media Planner,Female,Dongling,8795,2023/08/19
204,Lucina Ciobutaru,Graphic Designer,Female,Jamao al Norte,4510,2023/06/18
205,Casie Ewbanche,Structural Analysis Engineer,Genderfluid,Lamovita,2835,2023/09/20
206,Gothart MacCook,Health Coach III,Male,Sŏnbong,9143,2023/10/21
207,Leeann Kain,Software Consultant,Female,Daleman,1134,2023/04/08
208,Ranice Boullen,Assistant Manager,Polygender,Bayan-Ovoo,9650,2023/11/18
209,Jeddy Dackombe,GIS Technical Architect,Male,Wangjiachang,7326,2023/02/01
210,Alicia Dayes,Nurse,Female,Bria,8074,2022/11/24
211,Malena Casine,Nurse,Female,Węgorzyno,4463,2023/05/27
212,Nester Menault,Human Resources Manager,Male,Korotych,8140,2022/12/22
213,Julee Waistell,VP Marketing,Female,Stockholm,5343,2023/06/01
214,Franzen Ringham,Safety Technician I,Male,Gilowice,4603,2022/12/08
215,Karie Newcomen,Analyst Programmer,Female,Yangying,7952,2023/10/29
216,Angelia Levings,Community Outreach Specialist,Female,Guacarí,3317,2023/04/22
217,Jonah Collet,Staff Accountant II,Male,Bayanan,7845,2023/06/05
218,Brett Scintsbury,Engineer III,Male,Homa Bay,701,2023/11/29
219,Penn Ziemke,Help Desk Technician,Male,Karlskrona,1182,2023/03/23
220,Dulcia Bazoge,Senior Cost Accountant,Female,Priekule,1007,2023/01/09
221,Tandy Finey,Civil Engineer,Female,Ajasse Ipo,9667,2023/05/07
222,Anne-marie Ramberg,Recruiting Manager,Female,Kirovsk,8587,2023/12/09
223,Silas Kinge,Account Executive,Male,Yangqiao,9042,2023/12/07
224,Maridel Jermey,Actuary,Female,Guadalupe,5677,2023/05/30
225,Hephzibah Cabrara,Structural Engineer,Female,Jarinu,4870,2023/10/22
226,Kory Spadollini,Social Worker,Male,Garahaji,4445,2022/12/05
227,Emilee Eckels,GIS Technical Architect,Female,Dzüünkharaa,3241,2023/05/20
228,Giles Simkovich,Marketing Manager,Male,Gur’yevsk,1420,2023/01/13
229,Emlen Gilbart,Paralegal,Male,Abdurahmoni Jomí,8049,2023/09/19
230,Dimitri Lauks,Account Coordinator,Male,Presidente Venceslau,8828,2023/08/09
231,Zared Strank,Operator,Male,Xinkai,1789,2023/11/01
232,Frazier Woodman,VP Marketing,Male,São Sebastião do Caí,2831,2023/07/25
233,Renaldo Pepon,Geological Engineer,Male,Cirangga Kidul,36,2023/12/04
234,Leeanne Millsap,Professor,Female,Postřekov,3899,2024/01/04
235,Mitchel Baudon,Occupational Therapist,Male,Wolowona,2497,2023/06/22
236,Eydie Hooks,Geological Engineer,Female,Batelov,159,2023/02/28
237,Herta Pullin,Research Associate,Female,Bandaragung,9122,2023/10/06
238,Celinka Griniov,Nuclear Power Engineer,Agender,Dingli,3625,2023/03/27
239,Francoise Grasser,Structural Analysis Engineer,Female,Klobuky,8669,2023/08/08
240,Colet Symper,Occupational Therapist,Male,Champagnole,7016,2023/11/29
241,Bonnee Mulbery,Administrative Assistant I,Female,Hanau,6933,2023/09/27
242,Brendis Serle,Media Manager I,Male,Vetlanda,1315,2023/03/09
243,Feliza Keats,Design Engineer,Female,Buliran,3342,2022/12/06
244,Bridget Cousens,Programmer Analyst III,Female,Černošice,7317,2022/12/22
245,Evin Maryott,General Manager,Male,Las Yaras,5104,2023/10/01
246,Tobe Potteridge,VP Product Management,Female,Lazarevskoye,536,2023/07/31
247,Tyrone Tookey,GIS Technical Architect,Male,Changjiang,1115,2023/01/01
248,Karlens Playle,Product Engineer,Agender,Ruda Maleniecka,2244,2023/10/09
249,Dalton Cornils,Information Systems Manager,Male,Póvoa,6905,2022/12/07
250,Normy Duffie,Social Worker,Male,Zhongnan,4260,2023/07/14
251,Augy Topping,Paralegal,Male,Nema,8249,2023/02/01
252,Maryann Chaikovski,Senior Sales Associate,Female,Ban Lam Luk Ka,5875,2023/05/29
253,Kirsti Norcutt,General Manager,Female,Zibo,1642,2023/08/10
254,Rey Rosso,Account Representative IV,Male,Troitskiy,2123,2023/09/15
255,Chadd Johnke,Recruiter,Male,Windusakti Hilir,5237,2023/08/24
256,Joane Hearse,Safety Technician I,Female,Itapecuru Mirim,9515,2023/06/03
257,Wylma Dodds,Quality Control Specialist,Female,Huo’erqi,2188,2023/12/28
258,Brennan Hardson,Physical Therapy Assistant,Male,Iowa City,533,2023/07/29
259,Roslyn McIleen,Geologist III,Agender,Lundazi,8874,2022/11/27
260,Andrey Brudenell,Nuclear Power Engineer,Male,Huizhai,4602,2023/03/14
261,Broddy McLenaghan,Account Representative III,Male,Altıağac,8051,2022/11/13
262,Edmund Aneley,Geological Engineer,Male,Paiisa,7366,2023/01/16
263,Katlin Christofides,Office Assistant III,Female,Taldyqorghan,2909,2023/10/26
264,Borden Van Waadenburg,Web Developer IV,Male,Jambulang,1465,2023/05/07
265,Gregorius Adds,Environmental Tech,Male,Randusari,7636,2023/06/21
266,Vickie Castard,Senior Financial Analyst,Female,Sungairaya,6373,2023/03/24
267,Nady Belamy,Technical Writer,Bigender,Falun,4107,2023/10/12
268,Olin Fidgeon,Engineer IV,Male,Fernando de Noronha (Distrito Estadual),1283,2023/01/30
269,Kermit Thowes,Account Representative I,Male,Baliang,1314,2023/08/24
270,Josefina Smoughton,Design Engineer,Female,Zarechnyy,9610,2023/07/24
271,Pooh Cordner,Geologist III,Male,Capira,9119,2023/02/06
272,Elayne Ofer,Developer IV,Female,Gapuk,9535,2023/07/28
273,Barbette Longwood,Nuclear Power Engineer,Female,Jirny,5171,2023/09/22
274,Toddie Huish,Environmental Tech,Male,Dniprovka,8079,2023/05/02
275,Freddi O'Docherty,Food Chemist,Female,Keumala,5865,2022/11/29
276,Gates MacGraith,Librarian,Female,Jhumra,9307,2022/12/26
277,Valdemar Muat,Graphic Designer,Male,Rodionovo-Nesvetaiskoye,7210,2023/01/21
278,Zaccaria Heersema,Actuary,Polygender,Brodarica,6404,2023/09/02
279,Gaelan Ivanchenkov,Account Executive,Genderqueer,Batudulang,1012,2023/07/26
280,Alexandra Bartleman,Accountant III,Female,San Marcos,8044,2023/06/04
281,Hugibert Tawn,Chief Design Engineer,Bigender,Port-de-Paix,6407,2022/12/18
282,Andrew Geall,GIS Technical Architect,Male,Boucherville,6360,2023/10/10
283,Hy De Gogay,Programmer IV,Male,Doba,2097,2023/09/22
284,Amberly Steels,Data Coordinator,Female,Paris 09,1761,2022/11/29
285,Timmie Pattini,VP Sales,Female,Dofa,2979,2023/10/16
286,Curry Christin,Senior Cost Accountant,Male,Zákynthos,7119,2022/11/11
287,Caldwell Peakman,Chief Design Engineer,Polygender,Choca do Mar,2372,2023/02/03
288,Mikol Coode,Environmental Tech,Male,Cayur,354,2023/06/04
289,Leonie Salisbury,Structural Analysis Engineer,Female,Kostyantynivka,3706,2023/08/09
290,Simon Attew,Staff Scientist,Male,Mvomero,9217,2023/10/06
291,Noam Vaun,Programmer II,Male,Malasugui,5268,2023/02/27
292,Bonny MacVicar,Social Worker,Female,San Pablo,4641,2023/05/28
293,Madeleine Faltin,Office Assistant II,Agender,Kertahayu,7197,2023/07/06
294,Shane Hanlin,Senior Financial Analyst,Male,Gaojimiao,8675,2022/11/14
295,Gaylene Andryunin,Dental Hygienist,Female,Sar-e Pul,3762,2023/12/19
296,Dido Gerok,Staff Scientist,Female,Lukavice,2689,2023/02/21
297,Corbett Worge,Sales Representative,Male,Nova Lima,8061,2023/01/02
298,Marylinda Gaine of England,Engineer III,Female,Matagalpa,6337,2023/02/06
299,Winslow Gardiner,Software Engineer IV,Male,Setaka,665,2022/12/19
300,Coral Evennett,Geological Engineer,Female,Gangtun,9240,2023/10/16
301,Sigfried Hillitt,Quality Control Specialist,Male,Gulonggang,2811,2023/05/11
302,Corrina Forder,VP Marketing,Female,Ol Kalou,4840,2024/01/02
303,Elinore Beadnall,Developer III,Female,Mrongi Daja,658,2022/11/06
304,Kristian Satterthwaite,Recruiter,Male,Phaya Thai,6437,2023/08/29
305,Irena Kristof,Human Resources Manager,Agender,Ferrol,2496,2023/12/25
306,Morly Maude,Accountant IV,Genderqueer,Shixi,7345,2023/02/20
307,Luis Adlam,Systems Administrator IV,Male,Pereval'noe,7579,2023/06/29
308,Perkin O'Hartnedy,Web Designer IV,Polygender,Valtimo,3090,2023/02/13
309,Beatrix Coase,Office Assistant III,Female,Prnjavor,5471,2023/05/28
310,Cissy Belz,Librarian,Female,Mantampay,4267,2023/08/25
311,Gilemette Howatt,Product Engineer,Female,Rusnė,4983,2022/11/16
312,Gwennie Dowson,Systems Administrator I,Female,Svecha,6074,2023/11/02
313,Selia MacIllrick,Quality Engineer,Female,Melchor Ocampo,8115,2023/02/18
314,Godiva Jedrys,Compensation Analyst,Female,Mafinga,6202,2022/11/18
315,Dotti Dimsdale,Nurse,Female,Apeldoorn,8899,2023/06/27
316,Catherin Samper,Chemical Engineer,Female,Łęknica,8554,2022/11/16
317,Chevalier Lydster,Research Associate,Male,Mobai,3268,2023/02/05
318,Dasi Ossulton,Tax Accountant,Female,Xiangshan,6943,2023/04/14
319,Kathryne Mushrow,Physical Therapy Assistant,Female,Temenggungan,9643,2022/11/05
320,Justus McCoole,Web Developer II,Male,Pancol,6758,2023/09/23
321,Windham Randalston,Director of Sales,Male,Donghe,5124,2023/09/28
322,Duane Kareman,Web Developer IV,Male,Taraan,1891,2023/03/07
323,Cull Tohill,Payment Adjustment Coordinator,Male,La Cruz,2403,2023/01/02
324,Jeddy Zanini,Business Systems Development Analyst,Male,Honglin,4758,2023/12/13
325,Zachary Reichelt,Administrative Officer,Male,Zhaozhen,5013,2023/02/07
326,Troy Rawcliffe,Technical Writer,Male,Pexiligais,2894,2023/05/22
327,Chaddie Nice,Safety Technician IV,Male,Atescatempa,4835,2023/08/30
328,Billie Ruffles,Health Coach III,Non-binary,Citeureup,5217,2023/03/08
329,Ulrikaumeko Lavis,Web Developer II,Female,Paris 07,2010,2023/08/07
330,Beniamino Sawood,Human Resources Assistant IV,Male,Panzhou,3492,2023/04/10
331,Willis Geleman,Social Worker,Male,Yaodu,5370,2023/07/22
332,Vinson Swabey,Assistant Media Planner,Male,Kaytitinga,4253,2023/11/16
333,Kearney Leat,Project Manager,Male,Aborlan,3644,2023/10/30
334,Claretta Gyppes,Research Associate,Female,Urzuf,234,2023/11/26
335,Hobie Reignard,Project Manager,Male,Wangchang,5586,2023/11/16
336,Kippy Taill,General Manager,Polygender,Comrat,4484,2023/01/02
337,Mike Lindelof,Food Chemist,Male,Greda,8663,2023/04/30
338,Steffane Barter,Sales Associate,Female,Andalucía,4863,2023/05/15
339,Lewie Pirrie,Programmer Analyst III,Male,Iwata,2185,2023/11/02
340,Richy Dolohunty,Teacher,Male,Caopie,970,2023/05/25
341,Seumas Ostler,Actuary,Male,Polanica-Zdrój,2199,2023/07/13
342,Edee Wheeler,Budget/Accounting Analyst III,Female,El Bolsón,5944,2023/07/03
343,Lila Doumic,Safety Technician I,Female,Ternate,1710,2023/01/21
344,Maximilien Cabell,Marketing Manager,Male,Al Fandaqūmīyah,5402,2023/11/24
345,Neel Ditch,VP Product Management,Male,São Tomé,3385,2023/07/17
346,Ezmeralda Harrison,Engineer I,Female,Armenia,4985,2023/05/25
347,Idalia Hutley,Paralegal,Female,Mailag,1608,2023/02/05
348,Andrei Attwill,Legal Assistant,Female,Kaliasin,477,2023/12/31
349,Brnaba Noni,Legal Assistant,Bigender,Göteborg,6722,2023/01/19
350,Ulrick Lamball,Engineer III,Male,Esperanza,8156,2023/03/05
351,Fancie Hacun,Design Engineer,Female,Illushi,4396,2023/03/06
352,Beilul Bonnin,Media Manager II,Female,Bulungu,406,2023/12/11
353,Elise Hartshorne,Chemical Engineer,Female,Naples,1743,2022/12/25
354,Ker Kwietak,Assistant Manager,Male,Herrán,5483,2023/01/17
355,Briggs Friberg,Community Outreach Specialist,Male,Bobowa,7156,2022/12/08
356,Gilberte Colliss,Biostatistician IV,Female,Hairag,1663,2023/04/03
357,Sorcha Sowte,Chemical Engineer,Female,San José del Guaviare,311,2023/11/22
358,Riley Adshede,Product Engineer,Male,Kekeran,8582,2023/11/06
359,Elisabetta Milmith,Marketing Manager,Female,Tabuating,9379,2023/05/04
360,Nada Slader,Media Manager III,Female,Strazhitsa,3676,2023/10/05
361,Selig Battista,Marketing Assistant,Male,Bazar-Korgon,5548,2023/06/24
362,Ches La Croce,Staff Scientist,Polygender,Sil-li,1276,2023/06/06
363,Cammy Pavett,Project Manager,Genderqueer,Bilalang,8313,2023/10/16
364,Josie Robathon,Senior Developer,Female,Fusagasuga,622,2022/11/16
365,Abramo Goldster,Dental Hygienist,Male,Khvalovo,9862,2023/06/22
366,Alfredo Rustadge,Occupational Therapist,Genderqueer,Spånga,3475,2023/10/04
367,Karleen Garden,Software Test Engineer III,Female,Sundbyberg,7428,2022/11/12
368,Hettie Whitter,Accounting Assistant II,Genderqueer,Mae Sai,6053,2023/09/13
369,Johnny Impy,Administrative Assistant IV,Male,Wakimachi,4048,2023/07/07
370,Huntley Tuxill,Database Administrator III,Male,Pakuranga,1045,2023/08/29
371,Junina Lanchbury,Sales Associate,Female,Cisarap,4367,2023/09/18
372,Carson Ketch,Staff Accountant III,Male,Pingxiang,3116,2023/02/06
373,Coreen Hartas,Internal Auditor,Female,Ōzu,4748,2023/11/23
374,Irvin Ference,Electrical Engineer,Male,Yantal’,1292,2023/01/19
375,Delmar Gerholz,Assistant Professor,Non-binary,Huixian Chengguanzhen,4618,2023/07/15
376,Rabi Bugge,Web Designer I,Male,Rogóźno,5091,2023/06/02
377,Zachary Strowthers,VP Quality Control,Male,Zhezqazghan,1730,2023/01/05
378,Julina Yurukhin,Senior Financial Analyst,Female,Boucinha,2097,2023/09/20
379,Keelia Rogeon,Senior Cost Accountant,Female,Glagahdowo,6329,2022/11/29
380,Goran Heppenspall,Quality Engineer,Male,Bator,5520,2023/12/10
381,Robers Winks,Quality Engineer,Male,Ban Tak,1207,2023/04/03
382,Clerissa Prose,Computer Systems Analyst I,Female,Hwado,9700,2023/05/16
383,Vincenty Jime,Teacher,Male,Shitouhe,3303,2023/06/04
384,Jackson Eckart,Compensation Analyst,Male,Maqian,9869,2023/05/03
385,Emmott Crosen,Web Developer IV,Male,Naranjo,9721,2023/07/08
386,Laurella Earley,Senior Sales Associate,Female,Garça,4098,2023/09/03
387,Rockwell Twitchings,Tax Accountant,Polygender,Concepción,8163,2023/07/06
388,Bale Berick,Research Associate,Male,Mandangoa,4817,2023/07/12
389,Sher Brinsden,Senior Sales Associate,Female,Solna,2711,2022/12/24
390,Templeton Wardley,Programmer II,Male,Chignayhua,8828,2022/12/23
391,Natasha Gussin,Media Manager IV,Female,Pankrushikha,1761,2022/11/26
392,Saunders Capeling,Occupational Therapist,Male,Formiga,2903,2023/11/16
393,Drona Lantry,Business Systems Development Analyst,Female,Lamalewo,276,2023/11/17
394,Brandy Prestie,Chief Design Engineer,Female,Wangda,3355,2023/04/01
395,Garth Whettleton,Statistician IV,Male,Bantiran,6483,2023/02/04
396,Filberte Ashelford,Data Coordinator,Male,Stepove,9629,2023/11/27
397,Jenelle Dallison,Web Designer III,Female,Zhiqing Songduo,7323,2023/07/07
398,Maurise Underwood,Sales Representative,Male,Ajung,7223,2023/02/20
399,Alaric Probey,Sales Associate,Male,Arzakan,1416,2022/11/29
400,Sal Dimitrov,Senior Financial Analyst,Agender,Hellevoetsluis,2714,2023/04/13
401,Ferdie Lanfere,Senior Quality Engineer,Male,Lampitak,4600,2022/11/24
402,Kim Jansen,Data Coordinator,Female,Thị Trấn Nguyên Bình,2948,2023/04/27
403,Wayne Kyd,Developer II,Male,Sarzedo,6585,2023/11/14
404,Bird Biesty,Administrative Assistant IV,Female,Kungsör,4656,2023/01/29
405,Gaye Bachman,Biostatistician I,Female,Noisy-le-Grand,6242,2023/04/06
406,Shauna Dowson,Analyst Programmer,Female,Wenchun,8750,2023/07/18
407,Ezequiel Bayldon,VP Sales,Male,Karangdalam,4826,2022/12/20
408,Marget Boulds,GIS Technical Architect,Female,Yangmadao,3368,2023/06/30
409,Codee Whichelow,Geologist II,Female,Gia Ray,4350,2023/10/03
410,Lisabeth Tewes,Account Executive,Female,Holice,526,2023/07/04
411,Roseanne Winkell,Food Chemist,Female,Józefów,7128,2022/12/01
412,Biddie Sallinger,Engineer II,Female,Munkedal,9273,2023/07/07
413,Claribel Paske,Research Nurse,Non-binary,Dalam,6486,2022/11/28
414,Davidde Gonsalo,VP Sales,Male,Maae,182,2022/12/24
415,Duff Langford,Structural Engineer,Male,Orleans,9148,2023/05/13
416,Ernest Cuer,Marketing Assistant,Male,Xinjian,324,2023/12/08
417,Brandea Ronchka,Executive Secretary,Polygender,Xinjiezi,3453,2023/08/06
418,Giorgio Lyness,Web Developer II,Male,Dondo,3494,2023/09/13
419,Joya Dorling,Senior Cost Accountant,Female,Liuhe,9776,2023/09/12
420,Allyn Pryn,Help Desk Technician,Male,Dazhou,1327,2023/08/02
421,Rollie Stubbeley,Executive Secretary,Male,Yoshikawa,9452,2023/11/11
422,Florence Gaul,Tax Accountant,Female,Bình Minh,7321,2023/11/08
423,Morena Muzzall,Compensation Analyst,Female,Yacimiento Río Turbio,9867,2023/05/21
424,Clio Jewes,Accountant IV,Female,Marsaxlokk,871,2023/07/31
425,Giordano Genney,Database Administrator IV,Male,Moppo,3220,2023/06/04
426,Cassey Philpot,Research Assistant I,Female,Nanjiao,6830,2023/09/15
427,Glennie Fivey,Administrative Assistant I,Female,Hengshan,3312,2023/06/10
428,Durward Milan,Product Engineer,Male,Panggunguni,9123,2023/05/11
429,Henka Tiffin,Account Executive,Bigender,Wangyi Zhendian,3644,2023/08/06
430,Fidole Cheake,Mechanical Systems Engineer,Male,Dungloe,5448,2023/02/15
431,Gibbie Squibb,Geologist II,Bigender,Jetafe,6824,2023/10/24
432,Veronique Gwillyam,Software Consultant,Female,Janiuay,9929,2023/12/13
433,Dayle Easey,Database Administrator III,Female,Tyrnyauz,9029,2023/04/28
434,Alta Sign,Budget/Accounting Analyst II,Female,Ercheng,234,2022/12/22
435,Goldy Ortsmann,Analyst Programmer,Female,Oekefan,9751,2023/11/09
436,Lucie Kristof,Design Engineer,Female,Gubskaya,5677,2023/04/08
437,Syman Crowley,Programmer Analyst II,Bigender,Shibajiazi,7948,2022/12/25
438,Shani Blasing,Graphic Designer,Female,Ivry-sur-Seine,5001,2023/03/28
439,Nicolette Greger,Teacher,Female,Utara,605,2023/10/13
440,Hermia Simononsky,Business Systems Development Analyst,Female,Mogzon,1614,2023/01/02
441,Wilek Littleover,Design Engineer,Male,Dali,6423,2023/05/28
442,Hilde Bellow,Project Manager,Female,Duowa,269,2023/06/06
443,Gracie Riby,VP Quality Control,Female,Washington,7716,2022/11/19
444,Tomas Skally,VP Quality Control,Male,Buôn Trấp,4429,2023/09/13
445,Berni Weaben,Human Resources Assistant I,Female,Zhenqian,6266,2023/11/08
446,Deni Shambrook,Human Resources Assistant III,Female,Jatake,6541,2023/03/09
447,Silvan Greeding,VP Product Management,Genderfluid,Sitampiky,9194,2022/11/11
448,Clarissa Camilio,Budget/Accounting Analyst IV,Female,Saskatoon,3305,2023/02/15
449,Olivero Vondracek,Analyst Programmer,Male,Tiandeng,2915,2023/02/10
450,Milly Dallimore,Staff Accountant II,Female,Den Haag,2524,2023/12/03
451,Sharia Henzer,Junior Executive,Female,Degan,9796,2023/12/16
452,Ignace Roscamps,Payment Adjustment Coordinator,Male,Talacogon,4529,2023/02/05
453,Norrie Wilsher,VP Product Management,Female,Hội An,4733,2023/02/06
454,Constantia Power,Accounting Assistant II,Female,Santa Ana,9802,2023/03/21
455,Gib Jerrard,VP Marketing,Male,Greytown,8979,2023/02/12
456,Tore Bigley,Computer Systems Analyst I,Agender,Lazi,8749,2023/10/26
457,Sallie Will,Director of Sales,Female,Aglalana,8196,2023/08/21
458,Arman Lilburn,Research Nurse,Male,Abadiânia,4940,2023/01/09
459,Shelli Ianilli,Financial Advisor,Female,Somorpenang,9696,2023/06/01
460,Alane Vardey,Executive Secretary,Female,Pasongsongan,3942,2023/12/08
461,Alonzo Hobbert,Civil Engineer,Male,Wuppertal,3821,2023/08/03
462,Allard Leheude,Information Systems Manager,Male,Luzhou,1518,2023/08/21
463,Norine Scrowby,Geological Engineer,Female,Nantes,930,2023/06/20
464,Thibaut Lahive,Senior Sales Associate,Male,Padang,9275,2023/12/19
465,Johannes Timperley,Graphic Designer,Male,Göteborg,7614,2023/11/25
466,Fair Aizkovitch,Geologist II,Male,Lebak,2383,2023/12/19
467,Tore Chevers,Assistant Manager,Male,Qiagai,9188,2023/05/05
468,Tory Bourthoumieux,Design Engineer,Polygender,Babakan,7751,2023/08/20
469,Andee Ambrozewicz,VP Sales,Female,Coayllo,7806,2023/02/28
470,Lulu Noore,Teacher,Genderqueer,Imider,938,2022/11/30
471,Tris Beadles,Biostatistician III,Male,Bonga,3712,2023/01/25
472,Ira Lant,Food Chemist,Male,Tallahassee,6597,2023/04/04
473,Dasha Winsley,Nurse Practicioner,Female,Lyubinskiy,6274,2023/03/11
474,Loni Lovick,Assistant Professor,Female,Hats’avan,2024,2023/01/06
475,Meredith Poland,Mechanical Systems Engineer,Female,Aygek,2969,2023/08/29
476,Wyatt Ingerson,Marketing Assistant,Male,Binhailu,5333,2023/10/25
477,Cristen Craigmyle,Information Systems Manager,Female,Chilly-Mazarin,1745,2022/11/12
478,Erica Gilhooly,Desktop Support Technician,Female,Boketu,1356,2023/12/26
479,Nan Barriball,Database Administrator IV,Female,Chenjiaba,5996,2023/07/14
480,Emmalyn Kyte,Internal Auditor,Female,Sukarara Utara,9427,2023/06/26
481,Aristotle Domm,Sales Associate,Male,Khóra,4026,2022/11/06
482,Kathie Westnedge,Web Designer II,Female,Giporlos,4589,2023/04/16
483,Deeann Bastow,Dental Hygienist,Female,Novouzensk,1822,2022/11/15
484,Jean Cattenach,VP Marketing,Female,Arruda dos Vinhos,9397,2023/10/14
485,Dalenna Newman,Computer Systems Analyst II,Female,Nałęczów,2784,2023/04/22
486,Marlin Dadson,Geologist II,Male,Nashville,8850,2023/03/22
487,Leonie Littrell,Civil Engineer,Female,Bojszowy Nowe,2385,2023/05/03
488,Jacinta Yarnley,Senior Quality Engineer,Female,Yupiltepeque,9205,2023/03/02
489,Annabela Castanie,Product Engineer,Female,Phủ Thông,2174,2023/07/19
490,Delilah Damerell,Analog Circuit Design manager,Female,Chattanooga,3763,2023/12/20
491,Joeann Wontner,VP Accounting,Female,El Sombrero,5421,2023/06/21
492,Kearney Regardsoe,Environmental Specialist,Male,Gwangju,9597,2023/09/12
493,Spenser Georgeau,Research Assistant III,Male,Ikhtiman,9476,2023/08/23
494,Conrade Bengal,Food Chemist,Male,Mshinskaya,5688,2023/02/10
495,Jehu Tidey,Senior Sales Associate,Male,Morden,4893,2023/09/16
496,Gena Mease,Nurse,Female,Luleå,7245,2023/07/15
497,Hillyer Patershall,Nurse,Male,Musan-ŭp,3185,2023/01/17
498,Alison Rawdales,Business Systems Development Analyst,Female,Muroran,4323,2023/04/28
499,Ellerey Keysall,Speech Pathologist,Male,Satovcha,7949,2023/10/11
500,Gail De Hoogh,Environmental Tech,Male,Raoshi,5908,2023/04/21
501,Domini Scrivin,Software Test Engineer II,Female,Xiaopu,7354,2023/04/27
502,Reider Fanthom,Statistician II,Male,Itaocara,758,2022/12/28
503,Vidovik Pickavance,Librarian,Male,Fukura,4584,2023/12/30
504,Joella Andreucci,Human Resources Assistant I,Female,Yancheng,5700,2023/10/27
505,Cash Jeannesson,Assistant Media Planner,Male,Zhaoxian,8461,2024/01/03
506,Neil Sawle,Web Developer II,Male,Cigebrok,7990,2023/09/04
507,Candace Planks,Professor,Female,Jovellar,9521,2023/06/04
508,Onofredo Victory,Nurse Practicioner,Male,Markaz al Marīr,6627,2023/05/18
509,Nealy Gidman,Programmer III,Male,Edgeworthstown,2690,2022/11/03
510,Lorilyn Gyles,VP Product Management,Female,Vale,7961,2022/12/04
511,Hewitt Conti,Human Resources Assistant III,Male,Changhe,9573,2023/01/25
512,Caroline Dobbson,Account Executive,Female,Teresópolis,2881,2023/11/14
513,Morton Sieghart,Professor,Male,Mallow,6629,2023/10/15
514,Haley Curnock,Environmental Tech,Male,Ginebra,3075,2023/10/19
515,Lindsay Afield,Chief Design Engineer,Male,La Huerta,5277,2023/03/01
516,Audi Hammett,Dental Hygienist,Female,Nidek,6634,2023/12/12
517,Bree Bleackley,Financial Advisor,Female,Nueva Loja,7669,2023/03/14
518,Dianna Madelin,VP Quality Control,Female,Caieiras,3415,2022/11/15
519,Dallis Mendoza,Structural Engineer,Male,Xilu,9651,2023/09/08
520,Pennie Cheale,Senior Developer,Female,Pakisaji,5311,2023/01/29
521,Dwayne McCathie,Media Manager II,Male,Astanajapura,7727,2023/04/20
522,Thornie Wragg,Nuclear Power Engineer,Male,Shimiaozi,1529,2023/05/08
523,Heall Raynton,VP Sales,Male,Las Vegas,8292,2023/05/13
524,Egbert Antley,Research Assistant III,Male,København,393,2023/04/29
525,Esteban Spedroni,Help Desk Technician,Male,‘Aqrah,3927,2023/10/25
526,Gerry Soughton,Human Resources Assistant I,Non-binary,Jiangbei,4404,2023/02/19
527,Clare Lukock,Senior Editor,Male,Cipanas,672,2023/05/03
528,Val Tollit,Senior Developer,Female,Hispania,6662,2023/03/02
529,Renae Crossgrove,Professor,Female,Jishan,7818,2023/02/11
530,Mireille Dyers,Assistant Media Planner,Female,Diego de Almagro,3794,2023/06/28
531,Pall Mullineux,Human Resources Assistant III,Male,Osasco,5821,2022/11/06
532,Gwendolen Haston,GIS Technical Architect,Female,Tambaksari,1214,2023/04/18
533,Gloriana Blackbrough,Assistant Professor,Female,Jalasenga,8752,2023/10/01
534,Wait Ettridge,Product Engineer,Genderqueer,Djibo,4927,2023/11/04
535,Alphard Zupone,Senior Editor,Male,Cimuncang,691,2023/04/24
536,Rhett Boick,Assistant Media Planner,Agender,Masina,6239,2023/04/24
537,Demeter d'Arcy,Engineer III,Female,Anguera,3696,2023/08/06
538,Willy Masterson,Quality Engineer,Female,Uvarovo,4448,2023/06/19
539,Sebastian Weaver,Database Administrator IV,Male,Hluboká nad Vltavou,2679,2023/08/29
540,Nelli Lakeman,Payment Adjustment Coordinator,Female,Hudong,7189,2023/11/08
541,Mercie McPhelim,Statistician II,Female,Cristóbal,124,2023/04/30
542,Eldin Civitillo,Health Coach IV,Male,Pajaten,2810,2023/08/05
543,Bobby Dronsfield,Staff Scientist,Non-binary,Vacaria,4144,2023/07/01
544,Damiano Fernant,Design Engineer,Male,Salawu,118,2023/05/31
545,Olimpia Clemonts,Biostatistician III,Agender,Xikou,924,2023/07/17
546,Camella Lushey,VP Product Management,Female,Zwolle,3243,2023/06/10
547,Katrina Chattey,Accountant III,Polygender,El Tablón,6598,2022/12/30
548,Madalyn Grugerr,Staff Scientist,Female,Lianyi,2558,2023/08/31
549,Dode Shapcote,Sales Associate,Female,Caijiang,8861,2023/08/10
550,Ellary Georgius,Quality Control Specialist,Male,Nong Ruea,1396,2022/11/27
551,Melany Roper,Budget/Accounting Analyst IV,Female,Kovářov,179,2023/03/28
552,Parke Gwyther,Geologist II,Male,Gununganyar,1919,2023/07/06
553,Murdoch Belson,VP Accounting,Male,Anling,7823,2023/11/17
554,Prent Sherrett,Sales Associate,Male,Masaran,4369,2023/03/15
555,Amalle Woodison,VP Quality Control,Female,Delcevo,3232,2023/05/11
556,Carr Theseira,Financial Advisor,Male,Lazeshchyna,5471,2023/01/23
557,Philis Titchard,Registered Nurse,Female,Trindade,2874,2023/06/04
558,Elva Hollow,Web Developer II,Female,Valsamáta,6576,2023/04/02
559,Tanny Mays,Budget/Accounting Analyst IV,Male,Alenquer,2143,2023/01/18
560,Normand Gerler,Assistant Manager,Male,Yangon,6837,2023/07/18
561,Fritz Hazeldean,Teacher,Male,Dayou,4904,2023/09/27
562,Aubrey Jans,Sales Associate,Genderqueer,Panoongan,4845,2023/04/28
563,Mamie Junkinson,Food Chemist,Female,Tuqiao,7489,2023/06/02
564,Shawn Crowne,Associate Professor,Male,Purwokerto,1469,2023/07/20
565,Florentia Dimont,VP Product Management,Female,Eqlīd,7745,2023/10/28
566,Jenn Flatt,Marketing Manager,Female,Hrvatini,4829,2023/08/08
567,Tully Windaybank,Food Chemist,Male,Veliki Grđevac,9496,2022/11/10
568,Mariska Freyn,Internal Auditor,Female,Łęczyce,904,2023/02/07
569,Eva Crockatt,Assistant Professor,Female,Bąków,3194,2023/06/09
570,Danny Ovenden,Structural Analysis Engineer,Male,Tayginka,9245,2023/07/25
571,Coretta Cordell,Human Resources Assistant IV,Non-binary,Zongjia,6249,2022/12/17
572,Avril Lowerson,Actuary,Female,Shimorskoye,9577,2023/08/02
573,Rayna Scoone,Structural Analysis Engineer,Polygender,Lidong,408,2023/08/07
574,Stormi Heighway,Cost Accountant,Female,Gustavia,7677,2023/02/10
575,Libbie Goodliff,Business Systems Development Analyst,Female,Winneba,1491,2023/04/01
576,Joe Lewnden,Environmental Tech,Male,Biała Piska,7609,2023/01/19
577,Rikki Bridson,Accountant III,Male,Pokrovka,5527,2022/12/08
578,Elvina Walklett,Statistician IV,Agender,Santa Rosa,2770,2023/05/29
579,Silvia Stollberg,Staff Accountant II,Female,Vila Ribeiro,7493,2023/01/30
580,Isa Dinsale,Recruiting Manager,Genderfluid,Jinxiang,2624,2023/08/17
581,Claresta Presnall,Recruiter,Female,Grangwav,5423,2023/09/01
582,Xever Park,Programmer Analyst I,Male,Kotabaru,4951,2023/04/22
583,Bertrando Solman,Automation Specialist III,Male,Daping,4987,2022/12/27
584,Jarad Varndall,Senior Quality Engineer,Genderfluid,Alfenas,8772,2023/05/14
585,Esta Blunkett,Senior Sales Associate,Female,Siilinjärvi,6344,2022/12/08
586,Oby Plummer,Office Assistant III,Polygender,Jahāniān Shāh,3683,2023/10/22
587,Myrvyn Orrey,Structural Engineer,Male,Taluksangay,7951,2023/09/17
588,Camel Thornewill,Food Chemist,Female,Qalyūb,6125,2023/02/03
589,Lianne Vigers,Nurse,Female,Miaoya,2039,2023/06/02
590,Rodolph Tarzey,Social Worker,Male,Krzczonów,4096,2023/02/09
591,Clifford Housbie,Assistant Professor,Male,Jinshandian,3467,2023/11/02
592,Ruby Halpine,Senior Editor,Genderqueer,Thiais,4296,2023/10/10
593,Georgina Boggas,VP Marketing,Female,Kolo,4445,2022/12/21
594,Ase Esson,Account Coordinator,Male,Bagahanlad,9451,2023/02/06
595,Frankie Glencrosche,Office Assistant IV,Female,Udanin,278,2023/12/10
596,Wilow Tiffany,Clinical Specialist,Female,Rättvik,2779,2022/12/10
597,Evey Page,VP Product Management,Female,Zhaoguli,4987,2023/06/23
598,Rennie Thebe,Media Manager III,Female,Syntul,3730,2023/04/13
599,Vera Salkild,Senior Sales Associate,Genderqueer,Kinzan,3995,2023/05/31
600,Dody Pinsent,Research Associate,Female,Neiguan,1105,2023/12/10
601,Liuka Pales,Marketing Manager,Female,Rochefort,3494,2023/07/25
602,Chico Blackhall,Assistant Professor,Male,Karangranjong,7592,2023/10/19
603,Petra Feighney,Geologist I,Female,Balabag,5121,2023/04/20
604,Linus Schenfisch,Database Administrator II,Male,Imus,277,2023/01/18
605,Budd Stilwell,Mechanical Systems Engineer,Male,Matsubara,4112,2022/11/03
606,Lew Archibold,Junior Executive,Male,Pangushan,1625,2023/01/29
607,Arty Sullens,Software Consultant,Male,Xinhang,5666,2023/01/08
608,Kattie Cathcart,Web Designer II,Female,Helong,3431,2023/05/30
609,Noak Hobson,Desktop Support Technician,Male,Pedro Juan Caballero,467,2023/11/06
610,Dallas Bromby,Developer I,Male,Changle,8649,2023/06/11
611,Shanta Grinvalds,Account Representative III,Female,Moss,8859,2022/12/31
612,Marcello Quincey,Pharmacist,Male,Huanghai,2339,2023/06/26
613,Hyacinthie Stenning,Geologist I,Polygender,Ḩarf al Musaytirah,7690,2023/10/21
614,Lem Rawlins,Engineer III,Genderqueer,Leigongjian,6419,2023/01/29
615,Gratia Kiraly,Pharmacist,Female,Beddeng,3665,2023/03/24
616,Alfie Inott,Compensation Analyst,Male,Migues,3392,2022/12/21
617,Niko Skin,Electrical Engineer,Male,Jackson,4889,2022/12/23
618,Debi Temperley,Research Nurse,Female,Krajanpagowan,6956,2023/07/20
619,Georgianna Oakinfold,Health Coach III,Polygender,Yessentuki,4167,2023/08/02
620,Simon Gilbody,Budget/Accounting Analyst IV,Male,Vichadero,2023,2023/02/25
621,Alli Yellep,Programmer II,Female,Maji,973,2023/09/12
622,Hamnet Cammocke,Nuclear Power Engineer,Male,Atabayan,2423,2022/12/25
623,Terencio Droogan,Account Executive,Male,Dobczyce,2798,2023/05/27
624,Skipp Kimblin,GIS Technical Architect,Male,Brooklyn,9392,2023/12/11
625,Tremain Oswald,Speech Pathologist,Male,Can-Avid,6467,2023/05/15
626,Gib De Gowe,Pharmacist,Male,Dobczyce,7782,2023/10/17
627,Patty Hefford,Physical Therapy Assistant,Male,Pszczew,3083,2022/12/02
628,Jennine Haines,Administrative Assistant III,Female,Tingloy,6331,2023/12/09
629,Peta Itzkovsky,Media Manager I,Female,Huxi,7865,2023/02/04
630,Cristian Liddiatt,Analyst Programmer,Male,Gaozhou,462,2023/07/20
631,Rafe Matschuk,Environmental Tech,Non-binary,Little Current,3270,2023/10/15
632,Jolie Paladini,Design Engineer,Female,Jiangkou,8175,2023/10/23
633,Lloyd Pawlyn,Structural Analysis Engineer,Male,Épinal,3463,2023/03/31
634,Lorenza Presnail,Design Engineer,Female,Kliteh,6529,2023/11/24
635,Hillary Malecky,VP Product Management,Non-binary,Zgornje Pirniče,7065,2023/07/24
636,Rahel Peiser,Associate Professor,Female,Sumuragung,3584,2023/03/30
637,Phebe Maffetti,Environmental Specialist,Female,Mamoudzou,1394,2023/12/31
638,Barbabra Brocklehurst,Office Assistant II,Female,Bakung,6058,2023/11/22
639,Betteann Fairbanks,Programmer Analyst IV,Non-binary,Barrī ash Sharqī,7809,2023/08/31
640,Jessika Withrop,Technical Writer,Female,Tintafor,6974,2023/04/13
641,Blanch Straw,Food Chemist,Female,Zizhao,7891,2023/09/27
642,Gabbie Juschke,Assistant Media Planner,Male,Peraía,701,2023/11/30
643,Lita Kornilov,Engineer III,Female,Xingguo,3528,2023/06/21
644,Enriqueta Guidelli,Computer Systems Analyst IV,Female,Chandmanĭ,4289,2023/03/31
645,Gaston Lutman,Assistant Manager,Male,Wuli,2563,2023/01/31
646,Shurlocke Bossel,VP Accounting,Male,Tiraspol,6425,2023/10/10
647,Jolynn Arendt,Information Systems Manager,Female,Sankera,6765,2024/01/01
648,Rodrick Saffrin,Junior Executive,Male,Tarsouat,9812,2023/01/02
649,Annnora Fiennes,Nurse Practicioner,Female,Concepción del Uruguay,4031,2023/09/11
650,Les McClaughlin,Junior Executive,Male,Josefina,2440,2023/07/26
651,Vicky Zealy,VP Product Management,Female,Bundoc,5948,2023/03/28
652,Sharon Waterstone,Help Desk Technician,Female,Pamakayo,735,2023/09/11
653,Brody Canter,Mechanical Systems Engineer,Male,Huamachuco,624,2023/08/24
654,Rebekkah Durbin,Analog Circuit Design manager,Genderqueer,Sukpak,3952,2022/11/04
655,Bertram Kingscote,Recruiter,Male,Yemva,6656,2023/08/27
656,Quintin Lowe,Paralegal,Male,Skutskär,1104,2023/11/20
657,Patin Iffland,Assistant Manager,Male,Neebing,9260,2023/05/13
658,Onfroi Dyde,VP Quality Control,Male,Midland,3119,2023/03/12
659,Ephrayim Caughan,Help Desk Operator,Male,Gobernador Ingeniero Valentín Virasoro,7208,2023/12/13
660,Sawyere Fallows,Compensation Analyst,Male,Tsowkêy,2653,2023/06/29
661,Jacquenetta Bowlands,Geological Engineer,Female,Kuma,3692,2023/04/01
662,Mareah Sharphurst,Junior Executive,Female,Tasböget,3355,2023/05/11
663,Bastien Lippitt,Developer III,Male,Plavsk,1127,2023/05/18
664,Mada Slemming,Data Coordinator,Female,Iizuka,9919,2023/07/29
665,Malory Cundy,VP Marketing,Female,Pará de Minas,3651,2023/03/14
666,Hadlee Shyres,Human Resources Assistant III,Male,Bahorí,9796,2023/06/29
667,Trixy Spridgen,VP Quality Control,Female,Ar Rābiyah,7711,2023/11/24
668,Nerita Dumper,VP Product Management,Female,Jinhui,3568,2023/09/17
669,Terence Spellesy,Mechanical Systems Engineer,Male,Beloye,6788,2023/11/20
670,Oralla Rigeby,Software Engineer IV,Female,Haifa,6778,2023/01/21
671,Edlin Smallwood,Speech Pathologist,Male,Pedro Juan Caballero,2436,2023/12/10
672,Abel Crennan,Sales Representative,Male,Kathu,9325,2022/11/12
673,Elly Pye,Database Administrator II,Female,Bressuire,7141,2023/08/12
674,Audrie Boanas,Budget/Accounting Analyst II,Genderqueer,Chibombo,9585,2023/09/06
675,Yorker Montford,Speech Pathologist,Male,Huangbei,8328,2023/11/21
676,Sharla Beasley,Research Assistant II,Female,Dumaguil,1567,2023/09/24
677,Gilligan Francioli,Information Systems Manager,Female,Jaen,2716,2023/09/17
678,Emelyne Larchier,Senior Financial Analyst,Female,Ramadi,8455,2023/03/08
679,Mufinella Bredes,Senior Financial Analyst,Genderqueer,Leme,3896,2023/08/15
680,Liana Claw,Operator,Female,Ramiriquí,8630,2023/09/11
681,Alexia Romanelli,Librarian,Female,Luopioinen,3664,2023/03/06
682,Cecilia Harmant,Web Designer III,Female,Velingrad,2350,2023/07/09
683,Aurelea Copcote,Human Resources Manager,Female,Issa,5675,2023/03/24
684,Richart Manis,Civil Engineer,Male,Tála,3418,2022/12/03
685,Jessie Abrahamoff,Account Representative I,Female,Meylan,5605,2023/07/14
686,Dyana Whines,Computer Systems Analyst III,Female,Sarāqib,880,2023/12/13
687,Zita Dochon,Senior Developer,Female,Duwayr Raslān,1779,2023/01/17
688,Carissa Vernham,Safety Technician II,Female,Rondonópolis,6510,2023/11/22
689,Rhody Fairlam,Electrical Engineer,Female,Stockholm,6134,2023/10/06
690,Calv Brede,Sales Associate,Male,Cabo de Vila,1857,2023/10/02
691,Dun Le Brom,Community Outreach Specialist,Male,Efeng,8168,2023/03/17
692,Kiel Loughlan,Research Nurse,Male,Sacramento,2869,2022/11/22
693,Alfons Povey,Automation Specialist I,Male,Isla,9475,2023/08/28
694,Kalle McIlhatton,Sales Representative,Male,Laleng,55,2023/11/13
695,Ozzie Abazi,Civil Engineer,Male,Pingyang,4087,2023/11/29
696,Kaile Evett,Sales Representative,Agender,Kedungreja,1016,2022/12/30
697,Giacinta Birdall,Geological Engineer,Bigender,Kallithéa,6839,2023/03/23
698,Antonietta Deeson,Automation Specialist II,Female,Sumberpandan,7162,2023/08/11
699,Luise Nolleau,Nurse Practicioner,Non-binary,London,2497,2023/05/30
700,Joel Nordass,Social Worker,Male,Ete,983,2023/06/06
701,Emmet Glyssanne,Assistant Professor,Male,Carmo do Paranaíba,1765,2023/03/12
702,Spence Laux,Software Test Engineer I,Male,Kesabpur,4510,2023/02/13
703,Erhart Hazelgreave,Analog Circuit Design manager,Male,Yima,5927,2022/11/25
704,Bellanca Scoterbosh,Staff Accountant I,Female,Kłoczew,4757,2022/12/11
705,Berny Hazel,Analyst Programmer,Female,Qiangqinxue,3893,2023/07/20
706,Ricard Tilliards,Account Coordinator,Male,Żarnów,2360,2023/09/27
707,Colver Keelin,Director of Sales,Male,Lukou,2830,2023/07/02
708,Gino Coggen,Engineer I,Male,Cigaleuh Kulon,7455,2023/04/13
709,Jerrie Klass,Nurse Practicioner,Female,Yaring,4616,2023/09/04
710,Riva Cage,Registered Nurse,Female,Loa Janan,6777,2022/12/25
711,Ken Streetley,Community Outreach Specialist,Male,E’zhou,9041,2023/04/27
712,Zared Richarz,Assistant Manager,Male,Bologna,6341,2023/04/06
713,Randene Olsen,Web Developer I,Female,Narva,3581,2023/01/17
714,Myrwyn Basil,Assistant Manager,Male,Tubalan,2366,2023/06/12
715,Kevon De Ruggero,Administrative Assistant III,Male,Tianzishan,4169,2023/01/04
716,Rebekkah Fall,Business Systems Development Analyst,Female,Campo Alegre,3730,2023/07/29
717,Henrieta Easson,Project Manager,Female,Rancakole,1886,2023/02/05
718,Aggi Capini,Teacher,Female,Cochadas,1912,2023/06/22
719,Edsel Weal,Health Coach II,Male,Digdig,8985,2023/10/22
720,Bradan Aitkenhead,Clinical Specialist,Male,Libode,5365,2023/09/24
721,Arlana Timmes,VP Sales,Female,Babakanlapang,4616,2023/08/08
722,Marlon Balma,Sales Associate,Male,Agualva,8847,2023/04/08
723,Marve Callen,Safety Technician II,Male,Banjar Jabejero,3653,2023/03/31
724,Zeke Sent,Automation Specialist I,Male,Nguru,6726,2022/11/22
725,Micah Tompkins,Social Worker,Male,Lyubertsy,9138,2023/06/23
726,Lark Mulloch,Accountant III,Female,Nageswari,7181,2023/03/26
727,Aurilia Zorzoni,Tax Accountant,Female,Yaypan,5371,2023/09/08
728,Ethan Sumshon,Analog Circuit Design manager,Male,Muraloka,2649,2022/12/09
729,Vonni Pash,Quality Control Specialist,Female,Heredia,7699,2023/09/14
730,Emyle Luney,Account Coordinator,Female,Gainesville,4957,2023/09/12
731,Klaus Bulmer,Human Resources Assistant IV,Male,Nurmijärvi,9434,2023/01/06
732,Giuseppe Powderham,Analyst Programmer,Male,Köyliö,1904,2023/05/17
733,Trey Goucher,General Manager,Male,Phrae,344,2023/04/02
734,Farah Haire,Senior Developer,Female,Mount Darwin,6769,2023/09/16
735,Dominic Deem,Clinical Specialist,Male,Kalipare,3580,2023/01/30
736,Kiele Muriel,Marketing Assistant,Female,Ancenis,1401,2023/03/10
737,Fergus Hischke,Senior Quality Engineer,Male,Forshaga,3573,2023/10/18
738,Hilario Mulvihill,Computer Systems Analyst II,Bigender,Derzhavīnsk,2398,2023/05/16
739,Kelli Brockway,Engineer III,Female,Lanipao,1922,2023/12/08
740,Cleavland Corson,Web Designer I,Male,Krajan,9257,2023/03/11
741,Letizia Tatchell,Associate Professor,Female,Dongdai,2033,2023/09/06
742,Danna MacQuaker,Sales Representative,Female,Bera,802,2023/07/13
743,Ellswerth Ebbings,Pharmacist,Male,Jingyu,9837,2023/10/05
744,Earlie Balaam,Nuclear Power Engineer,Male,Barrunchal,6447,2023/01/11
745,Bartel Hancorn,Systems Administrator I,Male,Cijengkol,3651,2023/06/27
746,Duane Gairdner,Marketing Manager,Male,Uwa,8832,2023/08/28
747,Caryl Quinnell,Recruiting Manager,Male,Cucutilla,3036,2023/02/25
748,Eberto Shevill,Food Chemist,Male,Rios Frios,2821,2023/04/29
749,Zilvia Newman,Programmer III,Agender,Haoba,5952,2023/09/04
750,Ingram Barok,Media Manager II,Male,Jangas,3633,2023/12/17
751,Griffy Yukhin,Paralegal,Male,Yebaishou,7183,2023/04/28
752,Marcile Kenworthey,Database Administrator I,Female,Shevchenkove,3487,2023/11/29
753,Maybelle Cothey,Teacher,Female,Marly,4857,2023/05/23
754,Katherine Rooper,Design Engineer,Female,Xiaozhai,4320,2023/07/25
755,Adlai Reggiani,Account Coordinator,Male,Momignies,2257,2023/06/08
756,Letta Kilalea,VP Sales,Female,Korba,9321,2022/11/21
757,Marline Paoletti,Accountant III,Female,Sápes,4246,2023/05/16
758,Elmo Guidi,Office Assistant III,Non-binary,Fianarantsoa,3841,2023/07/04
759,Ive Haresnape,Data Coordinator,Male,Naikoten Dua,6746,2023/04/22
760,Rubin German,Account Executive,Male,Prienai,3301,2023/12/09
761,Ariella Gallandre,Editor,Female,Melaka,1223,2023/09/23
762,Zacharia Shann,VP Product Management,Male,Melun,3784,2023/10/07
763,Kayla Cullum,Office Assistant I,Female,Malanów,3133,2023/02/04
764,Maximilianus Ferrillio,Information Systems Manager,Male,Sangoleng,9957,2023/05/13
765,Brooke MacCawley,Senior Quality Engineer,Male,Santa Venera,6545,2023/11/16
766,Gerianna Lovering,Compensation Analyst,Female,Rzhev,1227,2023/04/25
767,Hamlin Brehaut,Environmental Specialist,Male,Novyy Urgal,8998,2023/01/31
768,Reagan Billyard,Financial Advisor,Male,Cofimvaba,39,2023/01/01
769,Darlleen Hyatt,Chemical Engineer,Female,Ribeirão das Neves,2226,2023/01/11
770,Kane Antat,Environmental Specialist,Male,Resistencia,4391,2023/02/16
771,Bella Coger,Help Desk Technician,Female,Široki Brijeg,8511,2023/12/21
772,Fitz Ingerfield,Director of Sales,Bigender,Pandansari,9063,2023/09/02
773,Sheila Jacox,Director of Sales,Female,Martensville,2582,2023/10/21
774,Gardy Strowger,Database Administrator IV,Male,Qiaolin,8008,2024/01/02
775,Sam Asker,Electrical Engineer,Agender,Oslo,230,2023/03/30
776,Estele Worral,Community Outreach Specialist,Female,Araraquara,4041,2023/09/11
777,Corrie Clinnick,Speech Pathologist,Male,Munturkaju,8454,2023/10/30
778,Isa Stredder,Internal Auditor,Male,Baligród,2000,2022/11/19
779,Alexine Hector,Chemical Engineer,Female,Nong Bua Daeng,8082,2023/02/24
780,Linell Pagon,Web Designer II,Female,Pondokrejo Wetan,1383,2023/07/15
781,Annemarie Le Marchand,Actuary,Female,Duobaoshan,7653,2023/03/30
782,Marcelline Gilling,Senior Sales Associate,Female,Alcoy,7309,2023/11/28
783,Jessee Surpliss,Assistant Manager,Male,Cuchumbaya,6364,2023/01/03
784,Celina Absolon,Product Engineer,Female,Telengsari,666,2023/01/03
785,Shanna Arnoult,Occupational Therapist,Female,Vân Canh,6727,2023/07/24
786,Geri Rowan,Help Desk Operator,Female,Wujing,338,2023/01/10
787,Haven Grugerr,Administrative Officer,Male,Dolores,7148,2022/12/27
788,Gussy Khristyukhin,Analog Circuit Design manager,Female,København,2657,2023/01/22
789,Dillie Somersett,Programmer Analyst II,Male,Ponong,8118,2022/12/30
790,Leopold MacAnespie,Junior Executive,Male,Parada de Pinhão,3209,2022/11/06
791,Beitris Larraway,Research Associate,Female,La Maná,5036,2022/11/04
792,Renelle MacCostye,Nurse Practicioner,Female,Shatrovo,7723,2023/07/04
793,Barnabe Condy,Financial Analyst,Male,Ushuaia,4747,2023/12/06
794,Rudiger McNicol,Marketing Manager,Male,Rustenburg,3158,2023/07/04
795,Alix Gounard,Speech Pathologist,Female,Daqiao,6519,2023/12/17
796,Ransell Heaslip,Business Systems Development Analyst,Male,Buenavista,5921,2023/09/16
797,Quinton Stiffkins,Desktop Support Technician,Male,Xiuying,6508,2022/12/30
798,Niki Williamson,Tax Accountant,Female,Pop Shahri,2479,2023/07/26
799,Deerdre Astill,Programmer III,Female,Pavlovskaya,9661,2023/08/29
800,Frazier Clementet,Dental Hygienist,Genderqueer,Nashville,1488,2023/10/10
801,Malorie Geratasch,Speech Pathologist,Female,San Diego,2051,2022/11/22
802,Shea Crennan,Sales Associate,Male,Malvern,1571,2023/08/07
803,Frayda Spollen,Nurse Practicioner,Female,Saint-Denis,956,2023/12/23
804,Trent Parsonage,Programmer Analyst I,Male,Santa Fe,7015,2023/02/08
805,Charmine Persent,Account Executive,Genderqueer,San Angelo,797,2023/04/02
806,Pincus Barnewille,Human Resources Assistant IV,Male,Bologoye,3182,2023/01/14
807,Barth Dignon,Environmental Specialist,Male,Villa Regina,8615,2023/11/23
808,Petunia Oliver-Paull,Computer Systems Analyst IV,Female,Thanh Ba,2473,2023/06/08
809,Georgiana Cochran,Budget/Accounting Analyst IV,Bigender,Suifenhe,1237,2023/09/05
810,Franklin Dodshon,Associate Professor,Male,Tong’an,750,2023/12/01
811,Annadiana Lillistone,Director of Sales,Female,Dacheng,8633,2023/10/24
812,Hoebart Hexum,Biostatistician I,Male,Saint-Jean-de-Braye,258,2023/12/15
813,Dunstan Lindenbluth,VP Accounting,Genderqueer,Stockholm,9916,2023/03/31
814,Mada Feehery,Senior Quality Engineer,Female,Orly,1019,2023/05/06
815,Nichol Duggan,Occupational Therapist,Female,Indulang,9891,2023/10/17
816,Nalani Shercliff,Statistician I,Agender,Mazhonghe,383,2023/06/14
817,Billy Ingles,Media Manager I,Female,San Rafael del Sur,2522,2023/11/22
818,Chrystal Deware,Financial Analyst,Female,Gondomar,6079,2023/03/04
819,Karlan MacGray,Human Resources Assistant II,Male,Novomyshastovskaya,7390,2023/05/21
820,Micki MacNeillie,Research Associate,Female,Cho-airong,4315,2023/10/15
821,Ina Hyndley,Junior Executive,Female,Xigangzi,6930,2023/01/28
822,Brigg Perrington,Help Desk Technician,Male,Jiangwakou,8958,2023/03/29
823,Connie Brister,Account Representative IV,Male,Doug An,5640,2023/09/26
824,Ursulina Schorah,Systems Administrator III,Female,Timbiras,7049,2023/09/29
825,Craggy Carroll,Statistician I,Male,Tawaramoto,4998,2023/02/26
826,Gardner Uff,GIS Technical Architect,Male,Ringinrejo,1445,2023/01/20
827,Ashby Blaxlande,Software Consultant,Male,Maunggora,8065,2023/03/21
828,Adolph Wraight,Automation Specialist I,Male,Tatsunochō-tominaga,8993,2023/10/22
829,Andreas Baddoe,Desktop Support Technician,Male,São Silvestre,9456,2023/01/18
830,Burton Skittreal,Assistant Media Planner,Male,Grande Prairie,7845,2023/12/10
831,Barry Murrell,Analog Circuit Design manager,Male,Qırmızı Samux,3693,2023/03/25
832,Rosco Heggison,Social Worker,Male,Luohuang,7809,2023/04/07
833,Willi Willox,Structural Analysis Engineer,Male,Yunxi,9035,2023/12/04
834,Sofie Milbank,Tax Accountant,Female,Alua,4949,2023/02/16
835,Bartlet Eastop,Staff Scientist,Male,Quỳ Châu,4862,2023/09/03
836,Heidi Habin,Statistician I,Female,Aban,2736,2022/11/14
837,Liam Conlon,Junior Executive,Male,Ananea,8244,2024/01/04
838,Fidelio Mathet,Recruiting Manager,Male,Dongqiao,652,2023/08/08
839,Christye Garoghan,Media Manager II,Bigender,Matamey,1624,2023/10/03
840,Goldina Adcocks,Budget/Accounting Analyst III,Female,Banī Khallād,3784,2023/05/13
841,Clarance O' Mulderrig,Structural Analysis Engineer,Male,Shostka,3916,2023/08/11
842,Ade Hastin,Chief Design Engineer,Male,Gŭlŭbovo,492,2023/06/23
843,Jo-ann Stearne,Information Systems Manager,Female,Tamatam,1618,2022/11/10
844,Inglis Spurrier,Information Systems Manager,Male,Garbolovo,5158,2023/10/16
845,Tabor Waller,General Manager,Male,Praga Północ,5490,2023/01/31
846,Tamma Wagner,Recruiter,Non-binary,Anling,2538,2023/03/03
847,Gerti Piers,Administrative Officer,Female,Sanxing,5740,2022/12/18
848,Vivia Giggs,Legal Assistant,Female,Barisan,9573,2023/03/15
849,Sibel Dowse,Programmer IV,Female,Lavras da Mangabeira,7950,2023/05/24
850,Miran McBrady,Information Systems Manager,Female,Sinajana Village,7806,2023/10/07
851,Darb Kiendl,Tax Accountant,Male,Baoji,1768,2023/11/22
852,Archaimbaud Toke,VP Accounting,Bigender,Arauá,6011,2023/05/22
853,Chad Weatherburn,Senior Sales Associate,Male,Nijemci,1445,2023/10/21
854,Mollie Dikle,Assistant Professor,Female,Gaoqiao,2028,2022/12/11
855,Brier Frisdick,Environmental Specialist,Non-binary,Kemuning,9722,2023/12/12
856,Abbott Herries,VP Accounting,Male,Helin,9646,2023/07/18
857,Phaidra Wilhelmy,Database Administrator I,Female,Yeliguan,3747,2023/09/30
858,Shaw Ayliffe,Nurse,Male,Xinxing,2940,2023/10/30
859,Gibby Ales,Programmer Analyst III,Male,Tambalisa,5331,2023/06/12
860,Daniel Gourlay,Data Coordinator,Male,Kallithéa,9550,2023/06/27
861,Paige McFade,Director of Sales,Female,Beiquan,1848,2023/08/02
862,Erna Fenne,Programmer IV,Female,São Lourenço do Sul,9195,2023/03/01
863,Debera Connealy,Geologist II,Female,Vnorovy,6597,2023/11/20
864,Alon Pezey,Occupational Therapist,Male,Baiheshan,5648,2023/01/22
865,Denna Pendergrast,Human Resources Manager,Female,Bancroft,6029,2023/01/04
866,Gerry Wither,Project Manager,Male,Liljendal,2559,2023/06/11
867,Arabel Maron,Director of Sales,Non-binary,Twyford,7795,2023/09/27
868,Dalli Casarino,GIS Technical Architect,Male,Keli,3643,2023/02/12
869,Jeanelle Whitlow,Financial Analyst,Female,Tullyallen,1682,2023/04/10
870,Ky Nicol,Clinical Specialist,Genderqueer,Kołbiel,8503,2023/06/27
871,Sharia Areles,Nurse Practicioner,Female,Göteborg,8497,2022/12/11
872,Harri Ortelt,Chief Design Engineer,Female,Крушопек,4936,2023/04/14
873,Wini Charopen,Associate Professor,Female,Touzao,9636,2023/08/17
874,Ruperto Tungay,Design Engineer,Male,Znojmo,1379,2023/03/01
875,Freddy Mailey,Account Representative II,Female,Barr,9689,2023/10/24
876,Shalne Lines,Financial Analyst,Female,Yirshi,9409,2022/12/06
877,Hester Gorrissen,VP Product Management,Female,San Patricio,5185,2022/11/23
878,Cornelia Rivilis,Biostatistician IV,Female,Pataias,9341,2024/01/02
879,Papageno Leband,Occupational Therapist,Male,Obudovac,6048,2023/04/13
880,Dorey Blandamere,VP Accounting,Male,Rangxi,2287,2024/01/04
881,Cherlyn Paulack,Assistant Manager,Female,Hecheng,9064,2023/11/07
882,Curtice Courtney,VP Product Management,Male,Ojo de Agua,5620,2023/08/08
883,Ave Dorber,Database Administrator III,Male,Pendawanbaru,456,2023/05/11
884,Ulric Menpes,Senior Cost Accountant,Male,Barranca de Upía,7245,2023/05/19
885,Shandie Vaugham,Administrative Officer,Female,Albany,3737,2023/03/11
886,Agretha Standen,Professor,Female,Koubia,8556,2023/04/18
887,Trixie Sheach,Environmental Specialist,Female,Barra,9650,2023/07/26
888,Georgie Boddington,Electrical Engineer,Male,Shibīn al Qanāţir,148,2022/12/03
889,Art Polland,Senior Financial Analyst,Male,Villa Nueva,848,2023/03/23
890,Conrad Carleton,Mechanical Systems Engineer,Male,Lexington,1885,2022/11/11
891,Lexine Le Floch,VP Quality Control,Female,Cahul,2383,2022/11/30
892,Elianora Instock,Senior Financial Analyst,Female,Weligama,6152,2022/11/05
893,Stillman Cashman,Data Coordinator,Male,Kholmsk,9106,2023/09/05
894,Lamont Spurriar,Environmental Specialist,Male,Itaporanga,2423,2023/10/28
895,Rorie Learoid,Senior Cost Accountant,Female,Guadalupe,8971,2022/11/25
896,Adore Stark,Accounting Assistant IV,Female,Mikhaylovsk,1026,2023/07/26
897,Tyrus Kroin,Chemical Engineer,Male,Wattegama,8072,2023/06/19
898,Micky Maiden,Automation Specialist I,Male,Ongi,4086,2023/05/01
899,Alanson Goggan,Software Consultant,Male,Kostakioí,9678,2023/05/24
900,Karrah Rogerson,Automation Specialist I,Female,Lorient,9639,2023/03/04
901,Lucas Ferfulle,Internal Auditor,Male,Jiekou,7359,2023/07/15
902,Linc Gairdner,Data Coordinator,Male,Svilajnac,2883,2023/11/19
903,Farra Boggers,Help Desk Operator,Agender,Az Zintān,5643,2022/12/11
904,Kassi Garment,Administrative Officer,Female,Sijiqing,699,2023/04/10
905,Harry Ryan,Web Designer I,Male,Linshanhe,5617,2023/04/15
906,Fifi Kelling,Technical Writer,Agender,Zhifang,4247,2023/02/02
907,Elsa MacMoyer,Cost Accountant,Female,Refojos,3022,2023/10/11
908,Freida Atrill,Assistant Manager,Female,Verd,4604,2023/03/31
909,Trenton O'Hare,Executive Secretary,Male,Mamasa,4660,2023/03/13
910,Burtie Batman,Quality Control Specialist,Male,Waihi,5303,2023/10/25
911,Valentijn Gillbe,Actuary,Male,Liutao,7947,2023/10/06
912,Blythe Labet,Account Representative IV,Female,Peyima,2239,2023/06/03
913,Dame Trowler,VP Sales,Male,Sadao,8801,2023/11/24
914,Willabella Dannett,Tax Accountant,Female,Shuiyang,2702,2023/06/12
915,Bradly Rabat,Business Systems Development Analyst,Male,Ierápetra,3619,2023/05/24
916,Henderson Fullagar,Account Coordinator,Male,Mangas,3599,2023/02/10
917,Mattias Whitaker,Marketing Manager,Male,Tayug,4283,2023/12/13
918,Casie Lismer,Web Designer III,Female,Dearborn,4819,2023/10/22
919,Johnath Kenningham,Clinical Specialist,Female,Sirindhorn,3187,2023/05/18
920,Caron Paffitt,Help Desk Technician,Female,Naudero,702,2023/11/08
921,Mitchael Lofty,Electrical Engineer,Male,Petrodvorets,874,2023/12/30
922,Bevin Lilywhite,Developer III,Male,Caen,4983,2023/04/21
923,Isobel Farquarson,Environmental Tech,Female,Vilar do Pinheiro,1708,2023/11/10
924,Velvet Kubek,Automation Specialist IV,Female,Lourdes,5605,2023/06/05
925,Marve Fantin,Recruiter,Male,Charras,1470,2023/12/28
926,Byram Tennick,Social Worker,Male,Bhamdoun,70,2023/11/14
927,Daveen Reuben,Environmental Specialist,Female,Vinež,7345,2023/09/15
928,Hannie Weldrick,Help Desk Operator,Genderqueer,Talhār,5992,2023/02/23
929,Kathe Huygens,Computer Systems Analyst I,Female,Pregonero,683,2023/11/19
930,Vidovik Wrightam,Software Engineer I,Male,Mohammedia,6663,2023/01/06
931,Stern Kinze,Graphic Designer,Male,Jazovo,7972,2023/12/03
932,Dev Fruish,Financial Advisor,Male,Proença-a-Nova,6372,2023/06/27
933,Dodi Rosengart,Nurse,Female,Xinlong,4903,2023/10/29
934,Lucio Gettens,Chemical Engineer,Male,Rangah,805,2023/02/16
935,Roxane Singh,Senior Editor,Female,Pinyug,6965,2023/05/25
936,Osmond Heyworth,Research Assistant I,Male,Changping,8415,2023/11/02
937,Falkner Jemison,Environmental Specialist,Male,Corga,5004,2022/12/15
938,Sheena Ivimy,Nurse,Female,Tobias Barreto,5503,2023/04/14
939,Anatollo Gourlie,Geological Engineer,Non-binary,Whitwell,3934,2023/12/08
940,Matilde Revans,Safety Technician I,Female,Bocaiúva,3650,2023/07/04
941,Janaya Riba,Occupational Therapist,Female,Buenavista,8871,2023/09/29
942,Dugald Moatt,VP Quality Control,Male,Dalang,1639,2023/09/29
943,Emmey Kittredge,Assistant Media Planner,Female,Ōiso,4628,2022/12/24
944,Loni De Carteret,Recruiting Manager,Female,Pedrogão,53,2023/12/10
945,Dorelia ffrench Beytagh,Accounting Assistant III,Polygender,Su’ao,6243,2023/04/09
946,Kaine Woodhead,Junior Executive,Non-binary,Ijuw,1231,2023/01/22
947,Ferguson Yuryshev,Senior Editor,Male,Burrel,5031,2023/11/13
948,Randa Baggally,Media Manager I,Female,El Monte,5353,2023/05/04
949,Nertie Challicombe,Teacher,Female,Hedao,5931,2023/05/05
950,Trudi Kyme,Quality Engineer,Female,Zhangjiawan,4982,2023/02/09
951,Annette Roxburgh,Engineer II,Female,Dalu,569,2023/08/13
952,Moira Grosvenor,Nurse Practicioner,Female,Aragua de Barcelona,2068,2023/07/20
953,Gabbie Yell,Recruiting Manager,Female,Barcelona,8760,2023/10/06
954,Orv Godon,Business Systems Development Analyst,Male,Lesuhe,7251,2023/08/30
955,Fremont Maddy,Data Coordinator,Male,Monte da Chaminé,972,2023/10/24
956,Cosme Boater,Data Coordinator,Male,Xincheng,7023,2023/07/09
957,Fanechka Hanrott,Associate Professor,Female,Port-au-Prince,811,2023/04/16
958,Denna Parkes,Programmer II,Female,Laâyoune / El Aaiún,1434,2023/11/19
959,Miran Millberg,Environmental Tech,Genderfluid,Bilbays,575,2023/11/28
960,Jack Edyson,Social Worker,Male,Nowy Duninów,2708,2023/11/18
961,Waldemar Mitton,Budget/Accounting Analyst II,Male,Le Pontet,4483,2023/04/25
962,Flory Rosendall,Account Representative II,Female,Hangwula,4748,2023/06/01
963,Gun Jeans,Biostatistician I,Male,Tōkamachi,2828,2022/12/07
964,Humphrey Woodhouse,Software Engineer I,Male,Dubrovnik,6396,2023/05/14
965,Gabriella Howton,Marketing Assistant,Female,El Asintal,3577,2022/11/05
966,Humbert Cartman,Internal Auditor,Male,Tha Bo,2103,2022/11/18
967,Leslie Priestnall,Librarian,Female,Rio das Ostras,6358,2023/07/29
968,Emmaline Croom,Compensation Analyst,Female,Łazy,7699,2023/12/22
969,Christie Eddleston,Software Consultant,Male,Da’an,4758,2023/10/26
970,Austina Louw,VP Quality Control,Female,Sentul,5911,2023/10/15
971,Laurella Rosenbloom,Cost Accountant,Female,Hexi,8791,2023/09/18
972,Kelbee California,Food Chemist,Male,Sokolnice,3210,2023/05/12
973,Reinold D'Antuoni,Financial Advisor,Bigender,U Minh,12,2022/12/19
974,Rodd Cowcha,Systems Administrator III,Male,Artimet,3800,2023/10/20
975,Eloise Gibbs,Operator,Female,Nagrak,5353,2023/03/30
976,Jillane Endrici,Senior Editor,Female,Göteborg,4747,2023/02/27
977,Vassily Clifforth,Structural Engineer,Male,Ezeiza,9541,2023/03/19
978,Gabriele Mowbray,Project Manager,Male,Malusay,4088,2023/01/30
979,Garek Petran,Computer Systems Analyst II,Male,Curridabat,2302,2022/12/08
980,Marley Willacot,Paralegal,Female,Cabay,5936,2023/10/13
981,Marie-ann Amys,Marketing Manager,Female,Hässleholm,5229,2023/01/15
982,Esta Rookledge,Environmental Tech,Bigender,Larap,8888,2023/03/31
983,Wayne Emps,Dental Hygienist,Male,Myingyan,7303,2023/10/29
984,Ingmar Kacheller,Recruiter,Male,Krzanowice,8090,2023/05/24
985,Inge Fursse,Pharmacist,Female,Markowa,6340,2023/05/20
986,Beverley Bristow,Financial Analyst,Female,Bayan Qagan,3706,2023/12/19
987,Joseph Wadham,Web Designer IV,Male,Säffle,4870,2023/12/08
988,Hesther Beyn,Dental Hygienist,Female,Tsaghveri,7814,2023/02/28
989,Ricard Sadler,Registered Nurse,Male,Mora,624,2023/05/08
990,Violet Whinney,Director of Sales,Female,Bilhó,8123,2023/10/02
991,Iris Sigmund,Software Test Engineer II,Female,Irupi,3177,2022/12/10
992,Siffre Marran,Assistant Media Planner,Male,Fengniancun,3856,2023/08/05
993,Mal Weale,Electrical Engineer,Male,Ventanas,7726,2023/07/05
994,Dee dee Yukhnin,Staff Scientist,Female,Caimitillo,2863,2023/12/02
995,Ferdinande Rawlingson,Senior Editor,Female,Washington,634,2023/04/28
996,Guinevere Kirkland,Speech Pathologist,Female,Nîmes,6355,2023/10/21
997,Katerine Heersma,Pharmacist,Non-binary,Krajan Tegalombo,9228,2023/07/02
998,Nettie Lamplough,Safety Technician II,Female,Dolní Cerekev,8808,2023/01/04
999,Frasquito Siemon,Chief Design Engineer,Male,Cisasak,5892,2023/10/06
1000,Jameson Samber,Cost Accountant,Male,Dashtobod,6062,2023/03/26
